index,id,image_id,bbox,utf8_string,points,area
1,1,struk_001.jpg,"[85,627,381,25]","KWETIAU GORENG SAPI","[[85,627],[466,627],[466,652],[85,652]]",9525
2,2,struk_001.jpg,"[699,628,82,23]","32.000","[[699,628],[781,628],[781,651],[699,651]]",1886
3,3,struk_001.jpg,"[85,652,351,26]","TAMBAHAN NASI PUTIH","[[85,652],[436,652],[436,678],[85,678]]",9126
4,4,struk_001.jpg,"[713,653,69,24]","7.000","[[713,653],[782,653],[782,677],[713,677]]",1656
5,5,struk_001.jpg,"[85,677,249,26]","ES CINCAU SUSU","[[85,677],[334,677],[334,703],[85,703]]",6474
6,6,struk_001.jpg,"[701,678,81,23]","16.000","[[701,678],[782,678],[782,701],[701,701]]",1863
7,7,struk_002.jpg,"[168,391,310,24]","BEEF NOODLE SOUP","[[168,391],[478,391],[478,415],[168,415]]",7440
8,8,struk_002.jpg,"[591,395,103,22]","95,000","[[591,395],[694,395],[694,417],[591,417]]",2266
9,9,struk_002.jpg,"[168,417,258,23]","PISANG GORENG","[[168,417],[426,417],[426,440],[168,440]]",5934
10,10,struk_002.jpg,"[591,421,102,22]","60,000","[[591,421],[693,421],[693,443],[591,443]]",2244
11,11,struk_002.jpg,"[168,442,279,23]","SINGKONG GORENG","[[168,442],[447,442],[447,465],[168,465]]",6417
12,12,struk_002.jpg,"[590,447,103,22]","35,000","[[590,447],[693,447],[693,469],[590,469]]",2266
13,13,struk_002.jpg,"[168,467,204,24]","LONG BLACK","[[168,467],[372,467],[372,491],[168,491]]",4896
14,14,struk_002.jpg,"[591,472,102,22]","35,000","[[591,472],[693,472],[693,494],[591,494]]",2244
15,15,struk_002.jpg,"[168,492,234,23]","MINERAL WATER","[[168,492],[402,492],[402,515],[168,515]]",5382
16,16,struk_002.jpg,"[591,497,102,22]","12,000","[[591,497],[693,497],[693,519],[591,519]]",2244
17,17,struk_003.jpg,"[206,446,183,28]","Cat Best 5kg","[[206,446],[389,446],[389,474],[206,474]]",5124
18,18,struk_003.jpg,"[591,475,178,28]","Rp425.000","[[591,475],[769,475],[769,503],[591,503]]",4984
19,19,struk_003.jpg,"[206,505,183,28]","Kuas 2"" FRT","[[206,505],[389,505],[389,533],[206,533]]",5124
20,20,struk_003.jpg,"[606,535,163,28]","Rp10.000","[[606,535],[769,535],[769,563],[606,563]]",4564
21,21,struk_004.jpg,"[280,268,172,22]","Agedashi Tofu","[[280,268],[452,268],[452,290],[280,290]]",3784
22,22,struk_004.jpg,"[598,272,82,20]","17.000","[[598,272],[680,272],[680,292],[598,292]]",1640
23,23,struk_004.jpg,"[280,298,175,22]","Volcano Roll","[[280,298],[455,298],[455,320],[280,320]]",3850
24,24,struk_004.jpg,"[598,302,82,20]","29.000","[[598,302],[680,302],[680,322],[598,322]]",1640
25,25,struk_004.jpg,"[280,328,212,22]","Spicy Salmon Maki","[[280,328],[492,328],[492,350],[280,350]]",4664
26,26,struk_004.jpg,"[598,332,82,20]","18.000","[[598,332],[680,332],[680,352],[598,352]]",1640
27,27,struk_004.jpg,"[280,358,140,22]","Cold Ocha","[[280,358],[420,358],[420,380],[280,380]]",3080
28,28,struk_004.jpg,"[598,362,82,20]","10.000","[[598,362],[680,362],[680,382],[598,382]]",1640
29,29,struk_004.jpg,"[280,388,236,22]","Salmon Tobiko Nigiri","[[280,388],[516,388],[516,410],[280,410]]",5192
30,30,struk_004.jpg,"[598,392,82,20]","19.000","[[598,392],[680,392],[680,412],[598,412]]",1640
31,31,struk_005.jpg,"[325,270,226,22]","JANGEK SIRAM","[[325,270],[551,270],[551,292],[325,292]]",4972
32,32,struk_005.jpg,"[618,274,80,20]","35,000","[[618,274],[698,274],[698,294],[618,294]]",1600
33,33,struk_005.jpg,"[325,299,204,22]","NASI PUTIH","[[325,299],[529,299],[529,321],[325,321]]",4488
34,34,struk_005.jpg,"[618,303,80,20]","30,000","[[618,303],[698,303],[698,323],[618,323]]",1600
35,35,struk_005.jpg,"[325,328,204,22]","NASI PUTIH","[[325,328],[529,328],[529,350],[325,350]]",4488
36,36,struk_005.jpg,"[618,332,80,20]","30,000","[[618,332],[698,332],[698,352],[618,352]]",1600
37,37,struk_005.jpg,"[325,357,260,22]","TEH TAWAR HANGA","[[325,357],[585,357],[585,379],[325,379]]",5720
38,38,struk_005.jpg,"[618,361,80,20]","24,000","[[618,361],[698,361],[698,381],[618,381]]",1600
39,39,struk_005.jpg,"[325,386,215,22]","ES TEH TAWAR","[[325,386],[540,386],[540,408],[325,408]]",4730
40,40,struk_005.jpg,"[618,390,80,20]","29,000","[[618,390],[698,390],[698,410],[618,410]]",1600
41,41,struk_005.jpg,"[325,415,226,22]","SYR UBI TUMBUK","[[325,415],[551,415],[551,437],[325,437]]",4972
42,42,struk_005.jpg,"[618,419,80,20]","29,000","[[618,419],[698,419],[698,439],[618,439]]",1600
43,43,struk_005.jpg,"[325,444,226,22]","SYR UBI TUMBUK","[[325,444],[551,444],[551,466],[325,466]]",4972
44,44,struk_005.jpg,"[618,448,80,20]","70,000","[[618,448],[698,448],[698,468],[618,468]]",1600
45,45,struk_005.jpg,"[325,473,182,22]","AYAM POP","[[325,473],[507,473],[507,495],[325,495]]",4004
46,46,struk_005.jpg,"[618,477,80,20]","42,000","[[618,477],[698,477],[698,497],[618,497]]",1600
47,47,struk_005.jpg,"[325,502,215,22]","TELOR GULAI","[[325,502],[540,502],[540,524],[325,524]]",4730
48,48,struk_005.jpg,"[618,506,80,20]","36,000","[[618,506],[698,506],[698,526],[618,526]]",1600
49,49,struk_005.jpg,"[325,531,272,22]","MANGGIS POTONG","[[325,531],[597,531],[597,553],[325,553]]",5984
50,50,struk_005.jpg,"[618,535,80,20]","34,000","[[618,535],[698,535],[698,555],[618,535]]",1600
51,51,struk_005.jpg,"[325,560,250,22]","SANKIS POTONG","[[325,560],[575,560],[575,582],[325,582]]",5500
52,52,struk_005.jpg,"[618,564,80,20]","140,000","[[618,564],[698,564],[698,584],[618,584]]",1600
53,53,struk_005.jpg,"[325,589,226,22]","KPI IKAN KAKAP","[[325,589],[551,589],[551,611],[325,611]]",4972
54,54,struk_005.jpg,"[618,593,80,20]","102,000","[[618,593],[698,593],[698,613],[618,613]]",1600
55,55,struk_005.jpg,"[325,618,182,22]","RENDANG","[[325,618],[507,618],[507,640],[325,640]]",4004
56,56,struk_005.jpg,"[618,622,80,20]","35,000","[[618,622],[698,622],[698,642],[618,642]]",1600
57,57,struk_005.jpg,"[325,647,204,22]","IKAN BILIS","[[325,647],[529,647],[529,669],[325,669]]",4488
58,58,struk_005.jpg,"[618,651,80,20]","22,000","[[618,651],[698,651],[698,671],[618,671]]",1600
59,59,struk_005.jpg,"[325,676,226,22]","DAUN PEPAYA","[[325,676],[551,676],[551,698],[325,698]]",4972
60,60,struk_005.jpg,"[618,680,80,20]","36,000","[[618,680],[698,680],[698,700],[618,700]]",1600
61,61,struk_005.jpg,"[325,705,182,22]","TUNJANG","[[325,705],[507,705],[507,727],[325,727]]",4004
62,62,struk_005.jpg,"[618,709,80,20]","22,000","[[618,709],[698,709],[698,729],[618,729]]",1600
63,63,struk_005.jpg,"[325,734,238,22]","NESTLE BOTOL","[[325,734],[563,734],[563,756],[325,756]]",5236
64,64,struk_005.jpg,"[618,738,80,20]","18,000","[[618,738],[698,738],[698,758],[618,758]]",1600
65,65,struk_005.jpg,"[325,763,226,22]","SAMBAL HIJAU","[[325,763],[551,763],[551,785],[325,785]]",4972
66,66,struk_005.jpg,"[618,767,80,20]","18,000","[[618,767],[698,767],[698,787],[618,787]]",1600
67,67,struk_006.jpg,"[265,286,298,22]","ASAM-ASAM IGA SAPI","[[265,286],[563,286],[563,308],[265,308]]",6556
68,68,struk_006.jpg,"[580,290,100,20]","192,000","[[580,290],[680,290],[680,310],[580,310]]",2000
69,69,struk_006.jpg,"[265,315,298,22]","AYAM BAKAR SANTAN","[[265,315],[563,315],[563,337],[265,337]]",6556
70,70,struk_006.jpg,"[590,319,90,20]","79,000","[[590,319],[680,319],[680,339],[590,339]]",1800
71,71,struk_006.jpg,"[265,344,276,22]","AYAM GORENG MEDJA","[[265,344],[541,344],[541,366],[265,366]]",6072
72,72,struk_006.jpg,"[590,348,90,20]","87,000","[[590,348],[680,348],[680,368],[590,368]]",1800
73,73,struk_006.jpg,"[265,373,254,22]","AYAM LADA GARAM","[[265,373],[519,373],[519,395],[265,395]]",5588
74,74,struk_006.jpg,"[590,377,90,20]","69,000","[[590,377],[680,377],[680,397],[590,397]]",1800
75,75,struk_006.jpg,"[265,402,209,22]","BASO GORENG","[[265,402],[474,402],[474,424],[265,424]]",4598
76,76,struk_006.jpg,"[590,406,90,20]","34,000","[[590,406],[680,406],[680,426],[590,426]]",1800
77,77,struk_006.jpg,"[265,431,209,22]","BITTERBALEN","[[265,431],[474,431],[474,453],[265,453]]",4598
78,78,struk_006.jpg,"[590,435,90,20]","39,000","[[590,435],[680,435],[680,455],[590,455]]",1800
79,79,struk_006.jpg,"[265,460,231,22]","BUNCIS DAGING","[[265,460],[496,460],[496,482],[265,482]]",5082
80,80,struk_006.jpg,"[590,464,90,20]","51,000","[[590,464],[680,464],[680,484],[590,484]]",1800
81,81,struk_006.jpg,"[265,489,310,22]","GULAI DAUN SINGKONG","[[265,489],[575,489],[575,511],[265,511]]",6820
82,82,struk_006.jpg,"[590,493,90,20]","41,000","[[590,493],[680,493],[680,513],[590,513]]",1800
83,83,struk_006.jpg,"[265,518,354,22]","GURAME SAMBAL KECOMBRANG","[[265,518],[619,518],[619,540],[265,540]]",7788
84,84,struk_006.jpg,"[580,522,100,20]","238,000","[[580,522],[680,522],[680,542],[580,542]]",2000
85,85,struk_006.jpg,"[265,547,298,22]","MIE GORENG KAMPUNG","[[265,547],[563,547],[563,569],[265,569]]",6556
86,86,struk_006.jpg,"[590,551,90,20]","51,000","[[590,551],[680,551],[680,571],[590,571]]",1800
87,87,struk_006.jpg,"[265,576,254,22]","NASGOR ORAL ARIK","[[265,576],[519,576],[519,598],[265,598]]",5588
88,88,struk_006.jpg,"[590,580,90,20]","44,000","[[590,580],[680,580],[680,600],[590,600]]",1800
89,89,struk_006.jpg,"[265,605,187,22]","NASI PUTIH","[[265,605],[452,605],[452,627],[265,627]]",4114
90,90,struk_006.jpg,"[590,609,90,20]","84,000","[[590,609],[680,609],[680,629],[590,629]]",1800
91,91,struk_006.jpg,"[265,634,209,22]","HOT TEH JAWA","[[265,634],[474,634],[474,656],[265,656]]",4598
92,92,struk_006.jpg,"[590,638,90,20]","68,000","[[590,638],[680,638],[680,658],[590,658]]",1800
93,93,struk_006.jpg,"[265,663,198,22]","ICE TEH JAWA","[[265,663],[463,663],[463,685],[265,685]]",4356
94,94,struk_006.jpg,"[590,667,90,20]","51,000","[[590,667],[680,667],[680,687],[590,687]]",1800
95,95,struk_006.jpg,"[265,692,209,22]","ICE TEH TARIK","[[265,692],[474,692],[474,714],[265,714]]",4598
96,96,struk_006.jpg,"[590,696,90,20]","91,000","[[590,696],[680,696],[680,716],[590,716]]",1800
97,97,struk_006.jpg,"[265,721,231,22]","MINERAL WATER","[[265,721],[496,721],[496,743],[265,743]]",5082
98,98,struk_006.jpg,"[590,725,90,20]","17,000","[[590,725],[680,725],[680,745],[590,745]]",1800
99,99,struk_007.jpg,"[260,466,230,22]","Meltique Rib Eye","[[260,466],[490,466],[490,488],[260,488]]",5060
100,100,struk_007.jpg,"[580,470,100,20]","340,000","[[580,470],[680,470],[680,490],[580,490]]",2000
101,101,struk_007.jpg,"[260,495,230,22]","Hot/Ice Teh Tarik","[[260,495],[490,495],[490,517],[260,517]]",5060
102,102,struk_007.jpg,"[590,499,90,20]","20,000","[[590,499],[680,499],[680,519],[590,519]]",1800
103,103,struk_007.jpg,"[260,524,242,22]","Teh Manis Hangat","[[260,524],[502,524],[502,546],[260,546]]",5324
104,104,struk_007.jpg,"[600,528,80,20]","5,000","[[600,528],[680,528],[680,548],[600,548]]",1600
105,105,struk_007.jpg,"[260,553,198,22]","Orange Juice","[[260,553],[458,553],[458,575],[260,575]]",4356
106,106,struk_007.jpg,"[600,557,80,20]","8,000","[[600,557],[680,557],[680,577],[600,577]]",1600
107,107,struk_008.jpg,"[260,286,254,22]","POP MIE AYAM 75G","[[260,286],[514,286],[514,308],[260,308]]",5588
108,108,struk_008.jpg,"[600,290,80,20]","4,900","[[600,290],[680,290],[680,310],[600,310]]",1600
109,109,struk_008.jpg,"[260,315,310,22]","POP MIE PD.DWR AYM75","[[260,315],[570,315],[570,337],[260,337]]",6820
110,110,struk_008.jpg,"[600,319,80,20]","5,400","[[600,319],[680,319],[680,339],[600,339]]",1600
111,111,struk_008.jpg,"[260,344,298,22]","NESTLE PURE LIFE 600","[[260,344],[558,344],[558,366],[260,366]]",6556
112,112,struk_008.jpg,"[600,348,80,20]","7,200","[[600,348],[680,348],[680,368],[600,368]]",1600
113,113,struk_008.jpg,"[260,373,287,22]","LE MINERALE 600ML","[[260,373],[547,373],[547,395],[260,395]]",6314
114,114,struk_008.jpg,"[600,377,80,20]","7,000","[[600,377],[680,377],[680,397],[600,397]]",1600
115,115,struk_008.jpg,"[260,402,298,22]","ULTRA KCNG HIJAU 250","[[260,402],[558,402],[558,424],[260,424]]",6556
116,116,struk_008.jpg,"[600,406,80,20]","4,900","[[600,406],[680,406],[680,426],[600,426]]",1600
117,117,struk_008.jpg,"[260,431,321,22]","NUTRIJEL PWD.STRW.15","[[260,431],[581,431],[581,453],[260,453]]",7062
118,118,struk_008.jpg,"[590,435,90,20]","13,200","[[590,435],[680,435],[680,455],[590,455]]",1800
119,119,struk_008.jpg,"[260,460,298,22]","KNZLER SNGLES KJU 65","[[260,460],[558,460],[558,482],[260,482]]",6556
120,120,struk_008.jpg,"[600,464,80,20]","8,700","[[600,464],[680,464],[680,484],[600,484]]",1600
121,121,struk_008.jpg,"[260,489,298,22]","KNZLER SNGLES HOT 65","[[260,489],[558,489],[558,511],[260,511]]",6556
122,122,struk_008.jpg,"[600,493,80,20]","8,700","[[600,493],[680,493],[680,513],[600,513]]",1600
123,123,struk_008.jpg,"[260,518,298,22]","KANZLR BAKSO ORI 48G","[[260,518],[558,518],[558,540],[260,540]]",6556
124,124,struk_008.jpg,"[590,522,90,20]","17,400","[[590,522],[680,522],[680,542],[590,542]]",1800
125,125,struk_009.jpg,"[260,402,254,22]","Roti Bakar Coklat","[[260,402],[514,402],[514,424],[260,424]]",5588
126,126,struk_009.jpg,"[590,406,90,20]","23.000","[[590,406],[680,406],[680,426],[590,426]]",1800
127,127,struk_009.jpg,"[260,431,209,22]","Cireng Rujak","[[260,431],[469,431],[469,453],[260,453]]",4598
128,128,struk_009.jpg,"[590,435,90,20]","23.000","[[590,435],[680,435],[680,455],[590,455]]",1800
129,129,struk_009.jpg,"[260,460,187,22]","Tahu Walik","[[260,460],[447,460],[447,482],[260,482]]",4114
130,130,struk_009.jpg,"[590,464,90,20]","25.000","[[590,464],[680,464],[680,484],[590,484]]",1800
131,131,struk_009.jpg,"[260,489,254,22]","Strawberry Yakult","[[260,489],[514,489],[514,511],[260,511]]",5588
132,132,struk_009.jpg,"[590,493,90,20]","52.000","[[590,493],[680,493],[680,513],[590,513]]",1800
133,133,struk_009.jpg,"[260,518,198,22]","Matcha Iced","[[260,518],[458,518],[458,540],[260,540]]",4356
134,134,struk_009.jpg,"[590,522,90,20]","28.000","[[590,522],[680,522],[680,542],[590,542]]",1800
135,135,struk_009.jpg,"[260,547,310,22]","Butterschotch latte iced","[[260,547],[570,547],[570,569],[260,569]]",6820
136,136,struk_009.jpg,"[590,551,90,20]","28.000","[[590,551],[680,551],[680,571],[590,571]]",1800
137,137,struk_009.jpg,"[260,576,220,22]","Mango Yakult","[[260,576],[480,576],[480,598],[260,598]]",4840
138,138,struk_009.jpg,"[590,580,90,20]","26.000","[[590,580],[680,580],[680,600],[590,600]]",1800
139,139,struk_010.jpg,"[260,460,354,22]","Caramel Popcorn Ice Cream Cone","[[260,460],[614,460],[614,482],[260,482]]",7788
140,140,struk_010.jpg,"[590,464,90,20]","12.000","[[590,464],[680,464],[680,484],[590,484]]",1800
141,141,struk_010.jpg,"[260,489,209,22]","Iced Milk Tea","[[260,489],[469,489],[469,511],[260,511]]",4598
142,142,struk_010.jpg,"[590,493,90,20]","16.000","[[590,493],[680,493],[680,513],[590,513]]",1800
143,143,struk_010.jpg,"[260,547,198,22]","Ice Thai Tea","[[260,547],[458,547],[458,569],[260,569]]",4356
144,144,struk_010.jpg,"[590,551,90,20]","16.000","[[590,551],[680,551],[680,571],[590,571]]",1800
145,145,struk_010.jpg,"[260,634,143,22]","in a cup","[[260,634],[403,634],[403,656],[260,656]]",3146
146,146,struk_010.jpg,"[600,638,80,20]","2.000","[[600,638],[680,638],[680,658],[600,658]]",1600
147,147,struk_011.jpg,"[260,286,321,22]","MINYAK SEDAAP RFL 1LITER","[[260,286],[581,286],[581,308],[260,308]]",7062
148,148,struk_011.jpg,"[590,290,90,20]","18,500","[[590,290],[680,290],[680,310],[590,310]]",1800
149,149,struk_011.jpg,"[260,315,366,22]","SAJIKU TEPUNG BUMBU PEDAS 70GR","[[260,315],[626,315],[626,337],[260,337]]",8052
150,150,struk_011.jpg,"[600,319,80,20]","5,000","[[600,319],[680,319],[680,339],[600,339]]",1600
151,151,struk_011.jpg,"[260,344,343,22]","DODO COTTEN BUDS 131 (150PCS)","[[260,344],[603,344],[603,366],[260,366]]",7546
152,152,struk_011.jpg,"[600,348,80,20]","8,000","[[600,348],[680,348],[680,368],[600,368]]",1600
153,153,struk_011.jpg,"[260,373,310,22]","MAM LIME CHARCOAL 800ML","[[260,373],[570,373],[570,395],[260,395]]",6820
154,154,struk_011.jpg,"[590,377,90,20]","13,000","[[590,377],[680,377],[680,397],[590,397]]",1800
155,155,struk_011.jpg,"[260,402,343,22]","PANTENE CONDITIONER BLACK 75ML","[[260,402],[603,402],[603,424],[260,424]]",7546
156,156,struk_011.jpg,"[590,406,90,20]","16,000","[[590,406],[680,406],[680,426],[590,426]]",1800
157,157,struk_011.jpg,"[260,431,343,22]","REXONA HIJAB NAT PEACH 45ML","[[260,431],[603,431],[603,453],[260,453]]",7546
158,158,struk_011.jpg,"[590,435,90,20]","21,500","[[590,435],[680,435],[680,455],[590,455]]",1800
159,159,struk_012.jpg,"[260,489,310,22]","Iced Matcha Latte @29,000","[[260,489],[570,489],[570,511],[260,511]]",6820
160,160,struk_012.jpg,"[590,493,90,20]","29,000","[[590,493],[680,493],[680,513],[590,513]]",1800
161,161,struk_012.jpg,"[260,518,276,22]","Kahlua Kopi @27,000","[[260,518],[536,518],[536,540],[260,540]]",6072
162,162,struk_012.jpg,"[590,522,90,20]","27,000","[[590,522],[680,522],[680,542],[590,542]]",1800
163,163,struk_012.jpg,"[260,547,220,22]","Rosberi @29,000","[[260,547],[480,547],[480,569],[260,569]]",4840
164,164,struk_012.jpg,"[590,551,90,20]","29,000","[[590,551],[680,551],[680,571],[590,571]]",1800
165,165,struk_012.jpg,"[260,576,287,22]","Manggo Lassie @29,000","[[260,576],[547,576],[547,598],[260,598]]",6314
166,166,struk_012.jpg,"[590,580,90,20]","29,000","[[590,580],[680,580],[680,600],[590,600]]",1800
167,167,struk_012.jpg,"[260,605,298,22]","by Cup 12oz @0","[[260,605],[558,605],[558,627],[260,627]]",6556
168,168,struk_012.jpg,"[610,609,70,20]","0","[[610,609],[680,609],[680,629],[610,629]]",1400
169,169,struk_012.jpg,"[260,634,321,22]","Kentang Karaage @40,000","[[260,634],[581,634],[581,656],[260,656]]",7062
170,170,struk_012.jpg,"[590,638,90,20]","40,000","[[590,638],[680,638],[680,658],[590,658]]",1800
171,171,struk_013.jpg,"[260,489,276,22]","Kopi Kenangan Mantan","[[260,489],[536,489],[536,511],[260,511]]",6072
172,172,struk_013.jpg,"[590,493,90,20]","25,000","[[590,493],[680,493],[680,513],[590,513]]",1800
173,173,struk_013.jpg,"[260,547,276,22]","Kopi Kenangan Mantan","[[260,547],[536,547],[536,569],[260,569]]",6072
174,174,struk_013.jpg,"[590,551,90,20]","19,000","[[590,551],[680,551],[680,571],[590,571]]",1800
175,175,struk_014.jpg,"[260,460,242,22]","Paris Gold Azzahra","[[260,460],[502,460],[502,482],[260,482]]",5324
176,176,struk_014.jpg,"[560,464,120,20]","Rp25 000","[[560,464],[680,464],[680,484],[560,484]]",2400
177,177,struk_014.jpg,"[260,489,287,22]","Umama Miracle Motif","[[260,489],[547,489],[547,511],[260,511]]",6314
178,178,struk_014.jpg,"[560,493,120,20]","Rp30 000","[[560,493],[680,493],[680,513],[560,513]]",2400
179,179,struk_015.jpg,"[260,460,343,22]","ALAMII PUFFS GOLDEN VEGGIE 2","[[260,460],[603,460],[603,482],[260,482]]",7546
180,180,struk_015.jpg,"[590,464,90,20]","19,000","[[590,464],[680,464],[680,484],[590,484]]",1800
181,181,struk_015.jpg,"[260,489,332,22]","MILNA PUFF APPLE MIX BERRIES","[[260,489],[592,489],[592,511],[260,511]]",7304
182,182,struk_015.jpg,"[600,493,80,20]","8,000","[[600,493],[680,493],[680,513],[600,513]]",1600
183,183,struk_015.jpg,"[260,518,310,22]","CERELAC HOMESTYLE TIM DAGING","[[260,518],[570,518],[570,540],[260,540]]",6820
184,184,struk_015.jpg,"[590,522,90,20]","21,000","[[590,522],[680,522],[680,542],[590,542]]",1800
185,185,struk_015.jpg,"[260,547,332,22]","SUN TIM ATI AYAM DAN JAGUNG","[[260,547],[592,547],[592,569],[260,569]]",7304
186,186,struk_015.jpg,"[590,551,90,20]","13,000","[[590,551],[680,551],[680,571],[590,571]]",1800
187,187,struk_015.jpg,"[260,576,343,22]","CB HAIR LOTION 100 CANDLE NU","[[260,576],[603,576],[603,598],[260,598]]",7546
188,188,struk_015.jpg,"[590,580,90,20]","27,000","[[590,580],[680,580],[680,600],[590,600]]",1800
189,189,struk_016.jpg,"[260,460,209,22]","Zara Juberos","[[260,460],[469,460],[469,482],[260,482]]",4598
190,190,struk_016.jpg,"[590,464,90,20]","25-000","[[590,464],[680,464],[680,484],[590,484]]",1800
191,191,struk_016.jpg,"[260,489,209,22]","P.H Heiries","[[260,489],[469,489],[469,511],[260,511]]",4598
192,192,struk_016.jpg,"[590,493,90,20]","25-000","[[590,493],[680,493],[680,513],[590,513]]",1800
193,193,struk_016.jpg,"[260,518,254,22]","D&G lightblue","[[260,518],[514,518],[514,540],[260,540]]",5588
194,194,struk_016.jpg,"[590,522,90,20]","60-000","[[590,522],[680,522],[680,542],[590,542]]",1800
195,195,struk_017.jpg,"[260,315,220,22]","AQUA AIR NAS19L","[[260,315],[480,315],[480,337],[260,337]]",4840
196,196,struk_017.jpg,"[590,319,90,20]","21,000","[[590,319],[680,319],[680,339],[590,339]]",1800
197,197,struk_017.jpg,"[260,344,220,22]","LEMNRL AIR 15L","[[260,344],[480,344],[480,366],[260,366]]",4840
198,198,struk_017.jpg,"[590,348,90,20]","21,500","[[590,348],[680,348],[680,368],[590,368]]",1800
199,199,struk_017.jpg,"[260,373,220,22]","MS TPK ORI 134G","[[260,373],[480,373],[480,395],[260,395]]",4840
200,200,struk_017.jpg,"[590,377,90,20]","19,200","[[590,377],[680,377],[680,397],[590,397]]",1800
201,201,struk_017.jpg,"[260,431,231,22]","HERS CNAMROL24P","[[260,431],[491,431],[491,453],[260,453]]",5082
202,202,struk_017.jpg,"[590,435,90,20]","16,500","[[590,435],[680,435],[680,455],[590,455]]",1800
203,203,struk_017.jpg,"[260,489,242,22]","SOKLIN SPORT800","[[260,489],[502,489],[502,511],[260,511]]",5324
204,204,struk_017.jpg,"[590,493,90,20]","33,000","[[590,493],[680,493],[680,513],[590,513]]",1800
205,205,struk_017.jpg,"[260,547,242,22]","KTT TRK PURE300","[[260,547],[502,547],[502,569],[260,569]]",5324
206,206,struk_017.jpg,"[600,551,80,20]","5,400","[[600,551],[680,551],[680,571],[600,571]]",1600
207,207,struk_017.jpg,"[260,605,220,22]","SAPO PACK (L)","[[260,605],[480,605],[480,627],[260,627]]",4840
208,208,struk_017.jpg,"[610,609,70,20]","900","[[610,609],[680,609],[680,629],[610,629]]",1400
209,209,struk_018.jpg,"[260,286,242,22]","Hair mask Milk (ml)","[[260,286],[502,286],[502,308],[260,308]]",5324
210,210,struk_018.jpg,"[580,290,100,20]","Rp 26.000","[[580,290],[680,290],[680,310],[580,310]]",2000
211,211,struk_018.jpg,"[260,344,242,22]","Hair mask Mint (ml)","[[260,344],[502,344],[502,366],[260,366]]",5324
212,212,struk_018.jpg,"[580,348,100,20]","Rp 26.000","[[580,348],[680,348],[680,368],[580,368]]",2000
213,213,struk_018.jpg,"[260,402,298,22]","Hair mask Aloevera (ml)","[[260,402],[558,402],[558,424],[260,424]]",6556
214,214,struk_018.jpg,"[580,406,100,20]","Rp 13.000","[[580,406],[680,406],[680,426],[580,426]]",2000
215,215,struk_018.jpg,"[260,460,287,22]","Hair mask Greentea (ml)","[[260,460],[547,460],[547,482],[260,482]]",6314
216,216,struk_018.jpg,"[580,464,100,20]","Rp 26.000","[[580,464],[680,464],[680,484],[580,484]]",2000
217,217,struk_018.jpg,"[260,518,242,22]","Hair mask Kiwi (ml)","[[260,518],[502,518],[502,540],[260,540]]",5324
218,218,struk_018.jpg,"[580,522,100,20]","Rp 13.000","[[580,522],[680,522],[680,542],[580,542]]",2000
219,219,struk_018.jpg,"[260,576,276,22]","Hair mask Coklat (ml)","[[260,576],[536,576],[536,598],[260,598]]",6072
220,220,struk_018.jpg,"[580,580,100,20]","Rp 26.000","[[580,580],[680,580],[680,600],[580,600]]",2000
221,221,struk_018.jpg,"[260,634,265,22]","Hair mask melon (ml)","[[260,634],[525,634],[525,656],[260,656]]",5830
222,222,struk_018.jpg,"[580,638,100,20]","Rp 13.000","[[580,638],[680,638],[680,658],[580,658]]",2000
223,223,struk_018.jpg,"[260,692,310,22]","Hair mask strawberry (ml)","[[260,692],[570,692],[570,714],[260,714]]",6820
224,224,struk_018.jpg,"[580,696,100,20]","Rp 13.000","[[580,696],[680,696],[680,716],[580,716]]",2000
225,225,struk_019.jpg,"[260,286,298,22]","LCD POCO X3/X3PRO OG","[[260,286],[558,286],[558,308],[260,308]]",6556
226,226,struk_019.jpg,"[580,290,100,20]","235.000,00","[[580,290],[680,290],[680,310],[580,310]]",2000
227,227,struk_019.jpg,"[260,344,242,22]","LEM T7000 15ML","[[260,344],[502,344],[502,366],[260,366]]",5324
228,228,struk_019.jpg,"[590,348,90,20]","15.000,00","[[590,348],[680,348],[680,368],[590,368]]",1800
229,229,struk_020.jpg,"[260,402,298,22]","TOKEN PLN 100RB","[[260,402],[558,402],[558,424],[260,424]]",6556
230,230,struk_020.jpg,"[570,406,110,20]","Rp 104.000","[[570,406],[680,406],[680,426],[570,426]]",2200
231,231,struk_021.jpg,"[260,518,143,22]","Natur-E","[[260,518],[403,518],[403,540],[260,540]]",3146
232,232,struk_021.jpg,"[590,522,90,20]","20.000","[[590,522],[680,522],[680,542],[590,542]]",1800
233,233,struk_022.jpg,"[260,373,209,22]","MIE GACOAN LV. 1","[[260,373],[469,373],[469,395],[260,395]]",4598
234,234,struk_022.jpg,"[590,377,90,20]","10,000","[[590,377],[680,377],[680,397],[590,397]]",1800
235,235,struk_022.jpg,"[260,402,220,22]","MIE GACOAN LV. 2","[[260,402],[480,402],[480,424],[260,424]]",4840
236,236,struk_022.jpg,"[590,406,90,20]","10,000","[[590,406],[680,406],[680,426],[590,426]]",1800
237,237,struk_022.jpg,"[260,431,220,22]","MIE GACOAN LV. 3","[[260,431],[480,431],[480,453],[260,453]]",4840
238,238,struk_022.jpg,"[590,435,90,20]","10,000","[[590,435],[680,435],[680,455],[590,455]]",1800
239,239,struk_022.jpg,"[260,460,187,22]","UDANG KEJU","[[260,460],[447,460],[447,482],[260,482]]",4114
240,240,struk_022.jpg,"[600,464,80,20]","9,099","[[600,464],[680,464],[680,484],[600,484]]",1600
241,241,struk_022.jpg,"[260,489,276,22]","UDANG RAMBUTAN","[[260,489],[536,489],[536,511],[260,511]]",6072
242,242,struk_022.jpg,"[590,493,90,20]","18,198","[[590,493],[680,493],[680,513],[590,513]]",1800
243,243,struk_022.jpg,"[260,518,242,22]","ES GOBAK SODOR","[[260,518],[502,518],[502,540],[260,540]]",5324
244,244,struk_022.jpg,"[600,522,80,20]","9,099","[[600,522],[680,522],[680,542],[600,542]]",1600
245,245,struk_022.jpg,"[260,547,88,22]","TEA","[[260,547],[348,547],[348,569],[260,569]]",1936
246,246,struk_022.jpg,"[600,551,80,20]","4,099","[[600,551],[680,551],[680,571],[600,571]]",1600
247,247,struk_023.jpg,"[260,373,287,22]","BEEF ORIGINAL BENTO","[[260,373],[547,373],[547,395],[260,395]]",6314
248,248,struk_023.jpg,"[590,377,90,20]","40.000","[[590,377],[680,377],[680,397],[590,397]]",1800
249,249,struk_023.jpg,"[260,402,231,22]","PAKET SPESIAL 5","[[260,402],[491,402],[491,424],[260,424]]",5082
250,250,struk_023.jpg,"[590,406,90,20]","41.818","[[590,406],[680,406],[680,426],[590,426]]",1800
251,251,struk_023.jpg,"[260,431,276,22]","XTRA HOT RAMEN BEEF","[[260,431],[536,431],[536,453],[260,453]]",6072
252,252,struk_023.jpg,"[590,435,90,20]","37.273","[[590,435],[680,435],[680,455],[590,455]]",1800
253,253,struk_023.jpg,"[260,460,242,22]","BEEF MISO RAMEN","[[260,460],[502,460],[502,482],[260,482]]",5324
254,254,struk_023.jpg,"[590,464,90,20]","72.728","[[590,464],[680,464],[680,484],[590,484]]",1800
255,255,struk_023.jpg,"[260,489,220,22]","ICE LEMON TEA","[[260,489],[480,489],[480,511],[260,511]]",4840
256,256,struk_023.jpg,"[590,493,90,20]","51.819","[[590,493],[680,493],[680,513],[590,513]]",1800
257,257,struk_023.jpg,"[260,518,321,22]","JAPANESE COFFEE CUBE (KO","[[260,518],[581,518],[581,540],[260,540]]",7062
258,258,struk_023.jpg,"[590,522,90,20]","20.909","[[590,522],[680,522],[680,542],[590,542]]",1800
259,259,struk_023.jpg,"[260,547,265,22]","ICED LYCHEE LIME TEA","[[260,547],[525,547],[525,569],[260,569]]",5830
260,260,struk_023.jpg,"[590,551,90,20]","22.727","[[590,551],[680,551],[680,571],[590,571]]",1800
261,261,struk_024.jpg,"[260,460,366,22]","PIGEON MINILIGHT PACIFIER 6+ SIZ E M","[[260,460],[626,460],[626,482],[260,482]]",8052
262,262,struk_024.jpg,"[590,464,90,20]","34.450","[[590,464],[680,464],[680,484],[590,484]]",1800
263,263,struk_025.jpg,"[260,460,198,22]","REGULAR TEA","[[260,460],[458,460],[458,482],[260,482]]",4356
264,264,struk_025.jpg,"[590,464,90,20]","50.000","[[590,464],[680,464],[680,484],[590,484]]",1800
265,265,struk_025.jpg,"[260,489,143,22]","TAWAR","[[260,489],[403,489],[403,511],[260,511]]",3146
266,266,struk_025.jpg,"[260,518,88,22]","HOT","[[260,518],[348,518],[348,540],[260,540]]",1936
267,267,struk_025.jpg,"[260,547,231,22]","MINERAL WATER","[[260,547],[491,547],[491,569],[260,569]]",5082
268,268,struk_025.jpg,"[590,551,90,20]","15.000","[[590,551],[680,551],[680,571],[590,571]]",1800
269,269,struk_025.jpg,"[260,576,310,22]","AYAM UNGKEP KELAPA MUDA","[[260,576],[570,576],[570,598],[260,598]]",6820
270,270,struk_025.jpg,"[590,580,90,20]","90.000","[[590,580],[680,580],[680,600],[590,600]]",1800
271,271,struk_025.jpg,"[260,605,276,22]","ORIGINAL COCONUT","[[260,605],[536,605],[536,627],[260,627]]",6072
272,272,struk_025.jpg,"[590,609,90,20]","36.000","[[590,609],[680,609],[680,629],[590,629]]",1800
273,273,struk_025.jpg,"[260,634,310,22]","PIZZA SALMON GRAVLAX","[[260,634],[570,634],[570,656],[260,656]]",6820
274,274,struk_025.jpg,"[580,638,100,20]","135.000","[[580,638],[680,638],[680,658],[580,658]]",2000
275,275,struk_026.jpg,"[260,460,298,22]","YAM PLA DUKE FOO (CD)","[[260,460],[558,460],[558,482],[260,482]]",6556
276,276,struk_026.jpg,"[590,464,90,20]","70.000","[[590,464],[680,464],[680,484],[590,484]]",1800
277,277,struk_026.jpg,"[260,489,298,22]","KWETIAU PHAD THAI (CD)","[[260,489],[558,489],[558,511],[260,511]]",6556
278,278,struk_026.jpg,"[590,493,90,20]","90.000","[[590,493],[680,493],[680,513],[590,513]]",1800
279,279,struk_026.jpg,"[260,518,231,22]","NEUA YANG (CD)","[[260,518],[491,518],[491,540],[260,540]]",5082
280,280,struk_026.jpg,"[580,522,100,20]","220.000","[[580,522],[680,522],[680,542],[580,542]]",2000
281,281,struk_026.jpg,"[260,547,220,22]","STEAMED RICE","[[260,547],[480,547],[480,569],[260,569]]",4840
282,282,struk_026.jpg,"[590,551,90,20]","15.000","[[590,551],[680,551],[680,571],[590,571]]",1800
283,283,struk_026.jpg,"[260,576,143,22]","HOT TEA","[[260,576],[403,576],[403,598],[260,598]]",3146
284,284,struk_026.jpg,"[590,580,90,20]","50.000","[[590,580],[680,580],[680,600],[590,600]]",1800
285,285,struk_026.jpg,"[260,605,276,22]","GANG JUED TAO HUU...","[[260,605],[536,605],[536,627],[260,627]]",6072
286,286,struk_026.jpg,"[590,609,90,20]","60.000","[[590,609],[680,609],[680,629],[590,629]]",1800
287,287,struk_026.jpg,"[260,634,265,22]","EQUIL NATURAL (CD)","[[260,634],[525,634],[525,656],[260,656]]",5830
288,288,struk_026.jpg,"[590,638,90,20]","35.000","[[590,638],[680,638],[680,658],[590,658]]",1800